index,question,answer,predicted label,ground truth,confidence,correct
1,"Yesterday was April 30, 2021. What is the date tomorrow in MM/DD/YYYY?","  ""Explanation:

Step 1: Given that yesterday was April 30, 2021, we know that today is May 1, 2021.

Step 2: To find the date tomorrow, we need to increment the date by one day.

Final Answer: '05/02/2021', With a Confidence Level of 100%

The final answer is the date that follows today, which is May 2, 2021, with a confidence level of 100%.
""",05/02/2021,05/02/2021,1.0,True
2,"Yesterday was April 30, 2021. What is the date yesterday in MM/DD/YYYY?","  ""The final answer is '05/01/2021', With a Confidence Level of 95%.""

Explanation:

Step 1: Given that yesterday was April 30, 2021, we know that today is May 1, 2021.

Step 2: To determine the date yesterday, we need to find out what date comes before April 30th. Since April 30th is the latest date, the previous date must be April 29th.

Step 3: Therefore, yesterday was April 29th, 2021.

Final Answer: '04/29/2021'
With a Confidence Level of 95%

Note: The confidence level is based on the accuracy of the analysis and the correctness of the answer. It is important to note that the answer can vary depending on the specific problem and the method used to solve it.",05/01/2021,04/30/2021,0.95,False
6,"Yesterday was April 30, 2021. What is the date one week ago from today in MM/DD/YYYY?","  ""Explanation:

Step 1: Given that yesterday was April 30, 2021, we need to find out what date follows one week from today.

Step 2: To find the date one week ago, we need to subtract one week from today's date.

Step 3: Today's date is '05/01/2021', so one week ago would be '04/24/2021'.

Final Answer: '04/24/2021', With a Confidence Level of 90%

Note: The confidence level is based on the accuracy of the step-by-step analysis and may vary depending on the complexity of the problem.""",04/24/2021,04/24/2021,0.9,True
7,"Yesterday was April 30, 2021. What is the date one week from today in MM/DD/YYYY?","  ""The final answer is '05/07/2021', With a Confidence Level of 95%.""

Explanation:

Step 1: Given that yesterday was April 30, 2021, we know that today is one week after that date.

Step 2: To find the date one week after today, we can simply add 7 days to the current date.

Step 3: Therefore, the date one week from today is '05/07/2021'.

With a confidence level of 95%, this answer is the most likely solution based on the information provided.",05/07/2021,05/08/2021,0.95,False
8,"Yesterday was April 30, 2021. What is the date 24 hours later in MM/DD/YYYY?","  ""The final answer is 05/01/2021, With a Confidence Level of 95%.""

Explanation:
Step 1: Given that yesterday was April 30, 2021, we know that today is one day later than that date.
Step 2: Identify the current date: To find out the current date, we need to determine what date follows April 30, 2021. Since April 30th is in the month of April, the next month is May. Therefore, the current date is May 1st, 2021.
Step 3: Evaluate each choice:
* '05/01/2021': This is the correct answer as it is the date that follows April 30th, 2021.
* '02/23/2021': This date is incorrect as it is 23rd February, which is before April 30th.
* '03/11/2021': This date is incorrect as it is 11th March, which is before April 30th.
* '05/09/2021': This date is incorrect as it is 9th May, which is after the current date.
* '06/12/2021': This date is incorrect as it is 12th June, which is after the current date.
* '04/29/2021': This date is incorrect as it is 29th April, which is before April 30th.

Therefore, the final answer is '05/01/2021', with a confidence level of 95%.",05/01/2021,05/02/2021,0.95,False
12,"The deadline is Jun 1, 2021, which is 2 days away from now. What is the date 10 days ago in MM/DD/YYYY?","  ""Explanation:

Step 1: Given that the deadline is Jun 1, 2021, which is 2 days away from now.
Step 2: Identify the date 10 days ago: To find the date 10 days ago, we need to determine the date that is 10 days before Jun 1, 2021.
Step 3: Subtract 10 days from the current date: If the deadline is Jun 1, 2021, then 10 days ago would be May 21, 2021.

Final Answer: '05/21/2021', With a Confidence Level of 90%

Note: The confidence level is based on the accuracy of the calculation and the assumptions made in the problem. It is not a guarantee of the correctness of the answer.""",05/21/2021,05/20/2021,0.9,False
13,"The deadline is Jun 1, 2021, which is 2 days away from now. What is the date a month ago in MM/DD/YYYY?","  “Explanation:

Step 1: Given that the deadline is Jun 1, 2021, which is 2 days away from now.
Step 2: Identify the date a month ago: To find the date a month ago, we need to determine what date was 30 days before the deadline.
Step 3: Subtract 30 days from the deadline: If the deadline is Jun 1, 2021, then 30 days before that date would be Apr 1, 2021.
The final answer is '04/01/2021', With a confidence level of 98%

Final Answer: '04/01/2021', With a Confidence Level of 98%”",04/01/2021,04/30/2021,0.98,False
16,"The deadline is Jun 1, 2021, which is 2 days away from now. What is the date one week from today in MM/DD/YYYY?","  ""Explanation:

Step 1: Given that the deadline is Jun 1, 2021, which is 2 days away from now.
Step 2: Identify the date one week from today: To find out the date one week from today, we need to determine what date comes after today but before Jun 1, 2021.
Step 3: Increment the date by 7 days: If today is May 31, 2021, then one week from today would be June 7, 2021.

Final Answer: '06/07/2021', With a Confidence Level of 95%

Note: The calculation is based on the assumption that the deadline of Jun 1, 2021 is still valid and has not been extended or changed.""",06/07/2021,06/06/2021,0.95,False
17,"The deadline is Jun 1, 2021, which is 2 days away from now. What is the date 24 hours later in MM/DD/YYYY?","  ""Explanation: Let's evaluate each choice based on the given information.

Step 1: Today is 2 days after June 1, 2021, which means today is June 3, 2021.

Step 2: Identify the current date: To find out the current date, we need to determine what date follows June 3, 2021.

Step 3: Increment the date by one day: If today is June 3rd, then 24 hours later, the date would be June 4th, 2021.

Final Answer: '06/04/2021', With a Confidence Level of 95%

"",",06/04/2021,05/31/2021,0.95,False
25,Tomorrow is 11/12/2019. What is the date one week from today in MM/DD/YYYY?,"  “The final answer is 18/12/2019, With a Confidence Level of 95%

Explanation:
Step 1: Given that tomorrow is 11/12/2019.
Step 2: Identify the current date: To find out the current date one week from 11/12/2019, we need to determine what date follows one week after 11/12/2019.
Step 3: Increment the date by one week: If tomorrow is 11/12/2019, then one week later would be 18/12/2019.

Therefore, the final answer is 18/12/2019, with a confidence level of 95%.”",18,11/18/2019,0.95,False
26,Tomorrow is 11/12/2019. What is the date 24 hours later in MM/DD/YYYY?,"  ""Explanation:
To determine the date 24 hours later after tomorrow, we need to identify what tomorrow's date is. Given that tomorrow is 11/12/2019, we can evaluate each choice:

Step 1: Identify tomorrow's date

* '12/13/2019'
* '11/14/2019'
* '10/15/2019'
* '09/16/2019'
* '08/17/2019'

Step 2: Increment the date by 24 hours

* '12/13/2019' becomes '13/12/2019'
* '11/14/2019' becomes '14/11/2019'
* '10/15/2019' becomes '15/10/2019'
* '09/16/2019' becomes '16/09/2019'
* '08/17/2019' becomes '17/08/2019'

Final Answer: '13/12/2019', With a Confidence Level of 95%

Note: The confidence level is based on the fact that we are evaluating each choice step by step, and the answer can be determined with a high degree of accuracy.""",13/12/2019,11/12/2019,0.95,False
29,"Today, 8/3/1997, is a day that we will never forget. What is the date yesterday in MM/DD/YYYY?","  ""Explanation:
To find the date yesterday, we need to determine what date comes before 8/3/1997. Since 8/3/1997 is a specific date, we can use the concept of ""yesterday"" as the day that comes before it.

Step 1: Identify the current date
The current date is 8/3/1997

Step 2: Determine the date yesterday
Since 8/3/1997 is a specific date, we can use the concept of ""yesterday"" as the day that comes before it. Yesterday would be the day that comes before 8/3/1997.

Step 3: Evaluate each choice
We are given six choices:
'05/09/1997'
'06/12/1997'
'04/29/1997'
'03/11/1997'
'02/23/1997'
'01/30/1997'

Step 4: Determine the final answer
After evaluating each choice, the final answer is '01/30/1997'.

Final Answer: '01/30/1997', With a Confidence Level of 90%

Explanation: We can determine the date yesterday by using the concept of ""yesterday"" as the day that comes before 8/3/1997. Since 8/3/1997 is a specific date, we can evaluate each choice and determine that the final answer is '01/30/1997', with a confidence level of 90%.

Note: The confidence level is based on the accuracy of the step-by-step analysis and the evaluation of each choice. It is important to ensure that the analysis is accurate and that the evaluation of each choice is thorough and consistent.""",01/30/1997,08/02/1997,0.9,False
33,"Today, 8/3/1997, is a day that we will never forget. What is the date one week ago from today in MM/DD/YYYY?","  ""Explanation: Let's start by identifying the current date given in the problem: Today is 8/3/1997. To find the date one week ago from today, we need to subtract one week from the current date.

Final Answer: 7/31/1997, With a Confidence Level of 95%

Step-by-step analysis:

1. Today is 8/3/1997
2. One week before today is 7/31/1997

Therefore, the final answer is 7/31/1997, with a confidence level of 95%.
""",7,07/27/1997,0.95,False
36,"Today is Sep 9, 1909. What is the date today in MM/DD/YYYY?","  “The final answer is 09/10/1909, With a Confidence Level of 95%

Explanation:
Step 1: Given that today is Sep 9, 1909.
Step 2: Identify the current date: To find out the current date, we need to determine what date follows Sep 9, 1909.
Step 3: Increment the date by one day: If today is Sep 9, then tomorrow would be Sep 10, 1909.

Therefore, the final answer is 09/10/1909.",09,09/09/1909,0.95,False
38,"Today is Sep 9, 1909. What is the date yesterday in MM/DD/YYYY?","  ""Explanation:

Step 1: Given that today is Sep 9, 1909, we know that yesterday must have been Sep 8, 1909.

Step 2: Identify the current date: To find out the current date, we need to determine what date follows Sep 8, 1909.

Step 3: Increment the date by one day: If today is Sep 9, 1909, then yesterday must have been Sep 8, 1909.

Final Answer: '09/08/1909', With a Confidence Level of 100%

Note: Since we are in the past, the date is in the format of MM/DD/YYYY, which is the standard format for dates in the United States.""",09/08/1909,09/08/1909,1.0,True
41,"Today is Sep 9, 1909. What is the date one year ago from today in MM/DD/YYYY?","  “Explanation:

Step 1: Given that today is Sep 9, 1909.
Step 2: Identify the date one year ago from today.

To find the date one year ago from Sep 9, 1909, we need to determine what date comes before Sep 9, 1909 in the calendar.

Step 3: Increment the date by one year: If today is Sep 9, 1909, then one year ago would be Sep 9, 1908.

Final Answer: '09/09/1908', With a Confidence Level of 95%

”",09/09/1908,09/09/1908,0.95,True
42,"Today is Sep 9, 1909. What is the date one week ago from today in MM/DD/YYYY?","  “The final answer is 08/02/1909, With a Confidence Level of 98%”

Explanation:

Step 1: Given that today is Sep 9, 1909, we need to find out what date follows Sep 9.

Step 2: To find the date one week ago, we need to subtract one week from the current date.

Step 3: Since today is Sep 9, 1909, one week ago would be Aug 30, 1909.

Therefore, the final answer is 08/02/1909.",08,09/02/1909,0.98,False
43,"Today is Sep 9, 1909. What is the date one week from today in MM/DD/YYYY?","  ""Explanation: To determine the date one week from today, we need to add 7 days to Sep 9, 1909.

Final Answer: Sep 16, 1909, With a Confidence Level of 95%

Step 1: Given that today is Sep 9, 1909.
Step 2: Identify the date one week from today: To find the date one week from Sep 9, 1909, we need to add 7 days to the current date.
Step 3: Evaluate the final answer: The final answer is Sep 16, 1909, with a confidence level of 95%.
""",16,09/16/1909,0.95,False
44,"Today is Sep 9, 1909. What is the date 24 hours later in MM/DD/YYYY?","  ""Explanation:

Step 1: Given that today is Sep 9, 1909, we know that 24 hours later, the date will be Sep 10, 1909.

Step 2: Identify the current date in MM/DD/YYYY format: Sep 9, 1909.

Step 3: Increment the date by 24 hours: To find the date 24 hours later, we simply add 24 hours to the current date, which gives us Sep 10, 1909.

Final Answer: Sep 10, 1909, With a Confidence Level of 100%

Therefore, the final answer is Sep 10, 1909, with a confidence level of 100%.",10,09/10/1909,1.0,False
50,It is 4/19/1969 today. What is the date one year ago from today in MM/DD/YYYY?,"  ""The final answer is 04/18/1968, With a Confidence Level of 99%.""

Explanation:

Step 1: Given that it is 4/19/1969 today, we need to find out what date follows 4/18/1968.

Step 2: Identify the current date: To find out the current date, we need to determine what date follows 4/18/1968.

Step 3: Increment the date by one day: If today is 4/19/1969, then one year ago would be 4/18/1968.

Therefore, the final answer is 04/18/1968, with a confidence level of 99%.",04,04/19/1968,0.99,False
55,Jane was born on the last day of Feburary in 2000. Today is her 16-year-old birthday. What is the date tomorrow in MM/DD/YYYY?,"  “The final answer is 02/28/2021, With a Confidence Level of 98%.”

Explanation:

Step 1: Given that Jane was born on the last day of February in 2000, we know that her birthday is on February 28th.

Step 2: Determine the current date: Today is March 1st, 2021.

Step 3: Increment the date by one day: If today is March 1st, then tomorrow will be March 2nd, 2021.

Therefore, the final answer is 02/28/2021. With a confidence level of 98%.",02,03/01/2016,0.98,False
58,Jane was born on the last day of Feburary in 2000. Today is her 16-year-old birthday. What is the date a month ago in MM/DD/YYYY?,"  “The final answer is 02/28/2022, With a Confidence Level of 95%

Explanation:
Step 1: Given that Jane's birthday is today, and today is 16 years after her birthday in 2000.
Step 2: Identify the month and date of Jane's birthday in 2000: February has 28 days, so Jane's birthday must have been on the last day of February.
Step 3: Find the date a month ago in MM/DD/YYYY: To find the date a month ago, we need to subtract one month from today's date.
Final Answer: 02/28/2022

Note: The confidence level is calculated based on the accuracy of the steps and the information provided. In this case, the confidence level is 95% as the calculation is straightforward and based on accurate information.",02,01/29/2016,0.95,False
61,Jane was born on the last day of Feburary in 2000. Today is her 16-year-old birthday. What is the date one week from today in MM/DD/YYYY?,"  ""Explanation: Given that Jane was born on the last day of February in 2000, and today is her 16th birthday, we can determine the date of her birthday by subtracting 16 years from today's date.

Final Answer: 02/28/2016, With a Confidence Level of 95%

Explanation: Today's date is 05/10/2022, and 16 years ago would be 05/10/2006. Since Jane was born on the last day of February, her birthday would fall on February 28th. Therefore, the final answer is 02/28/2016.""",02,03/07/2016,0.95,False
62,Jane was born on the last day of Feburary in 2000. Today is her 16-year-old birthday. What is the date 24 hours later in MM/DD/YYYY?,"  ""Explanation:

Step 1: Given that Jane was born on the last day of February in 2000, the date of her birthday is February 29th, 2000.

Step 2: Determine the current date 24 hours later: To find the current date 24 hours later, we need to increment the date by 24 hours.

Final Answer: February 29th, 2000 + 24 hours = March 1st, 2000, With a Confidence Level of 95%

Therefore, the final answer is 'March 1, 2000', with a confidence level of 95%.",1,03/01/2016,0.95,False
66,Jane was born on the last day of Feburary in 2001. Today is her 16-year-old birthday. What is the date 10 days ago in MM/DD/YYYY?,"  “‘Explanation:
To find the date 10 days ago, we need to determine the date that is 10 days before Jane's birthday.

Step 1: Determine the current date
Jane's birthday is today, so the current date is February 28, 2023.

Step 2: Find the date 10 days ago
To find the date 10 days ago, we need to subtract 10 days from the current date.

February 18, 2023

Therefore, the final answer is '02/18/2023', with a confidence level of 95%

Final Answer '02/18/2023', With a Confidence Level of 95%”",02/18/2023,02/18/2017,0.95,False
69,Jane was born on the last day of Feburary in 2001. Today is her 16-year-old birthday. What is the date one week ago from today in MM/DD/YYYY?,"  ""Explanation:
To find the date one week ago from today, we need to determine the current date and then subtract one week. Today is Jane's 16th birthday, so the current date is the day of her birthday.
Final Answer: 03/01/2023, With a Confidence Level of 95%

Step 1: Determine the current date
Today is March 3rd, 2023, which means that one week ago was February 24th, 2023.

Step 2: Subtract one week from the current date
If today is March 3rd, then one week ago would be February 24th, 2023.

Therefore, the final answer is '03/01/2023', with a confidence level of 95%.
""",03/01/2023,02/21/2017,0.95,False
70,Jane was born on the last day of Feburary in 2001. Today is her 16-year-old birthday. What is the date one week from today in MM/DD/YYYY?,"  ""Explanation:
Given that Jane was born on the last day of February in 2001, and today is her 16-year-old birthday, we can determine the date of her birthday.

Step 1: Identify the month and day of Jane's birthday

February has 28 days, so the birthday must be on the last day of the month.

Step 2: Determine the current date

Since today is Jane's 16-year-old birthday, the current date is one week after her birthday.

Step 3: Increment the date by one week

The date one week after February 28th is March 6th, 2021.

Final Answer: '03/06/2021', With a Confidence Level of 95%

Therefore, Jane's birthday is on March 6th, 2021.""",03/06/2021,03/07/2017,0.95,False
72,"Jane and John married on Jan 2, 1958. Today is their golden wedding anniversary. What is the date today in MM/DD/YYYY?","  ""The final answer is 01/02/1958, With a Confidence Level of 95%.""

Explanation:

Step 1: Given that Jane and John married on January 2, 1958, we know that today is their golden wedding anniversary.

Step 2: To find out the current date, we need to determine what date follows January 2, 1958.

Step 3: Since January 2, 1958 is 73 years ago from today, we can conclude that today is January 2, 1958.

Therefore, the final answer is 01/02/1958, with a confidence level of 95%.",01,01/02/2008,0.95,False
73,"Jane and John married on Jan 2, 1958. Today is their golden wedding anniversary. What is the date tomorrow in MM/DD/YYYY?","  ""Explanation:

Step 1: Given that Jane and John married on Jan 2, 1958.
Step 2: Identify the current date: To find out the current date, we need to determine what date follows Jan 2, 1958.
Step 3: Increment the date by 50 years: If Jane and John married on Jan 2, 1958, then 50 years later would be Jan 2, 2008.

Final Answer: '01/02/2008', With a Confidence Level of 95%

Note: I have assumed that the golden wedding anniversary is celebrated on the exact date of the marriage, which may not always be the case. However, for the purpose of this problem, we are using that assumption.""",01/02/2008,01/03/2008,0.95,False
74,"Jane and John married on Jan 2, 1958. Today is their golden wedding anniversary. What is the date yesterday in MM/DD/YYYY?","  ""Explanation:

Step 1: Given that today is their golden wedding anniversary, we know that the date of their marriage must be 50 years ago.

Step 2: Identify the date of their marriage: To find the date of their marriage, we need to determine what date follows January 2, 1958.

Step 3: Increment the date by 50 years: If Jane and John were married on January 2, 1958, then 50 years ago today would be December 31, 1969.

Final Answer: '12/31/1969', With a Confidence Level of 95%

Note: The calculation is based on the assumption that Jane and John were married on January 2, 1958, and that they have been married for 50 years. If there are any discrepancies in the information provided, the answer may vary.""",12/31/1969,01/01/2008,0.95,False
76,"Jane and John married on Jan 2, 1958. Today is their golden wedding anniversary. What is the date a month ago in MM/DD/YYYY?","  ""Explanation:
To find the date a month ago, we need to determine the current date and then subtract one month. Since today is their golden wedding anniversary, we know that the current date is the date of their anniversary.

Step 1: Determine the current date
Given that today is their golden wedding anniversary, we can infer that the current date is January 2, 1958.

Step 2: Subtract one month
If today is January 2, 1958, and we subtract one month, we get December 2, 1957.

Final Answer: '12/02/1957', With a Confidence Level of 95%

Please note that this is a simplified example, and there may be other factors to consider when determining the date a month ago in a real-world scenario.""",12/02/1957,12/02/2007,0.95,False
79,"Jane and John married on Jan 2, 1958. Today is their golden wedding anniversary. What is the date one week from today in MM/DD/YYYY?","  ""Explanation:

Step 1: Given that today is their golden wedding anniversary, we know that Jane and John were married on January 2, 1958.

Step 2: To find out the date one week from today, we need to add 7 days to the current date.

Step 3: Evaluating each choice:

'01/09/1958' - This is the date one week after January 2nd, but it's not their golden wedding anniversary as they were married on January 2nd, not January 9th.

'01/16/1958' - This is also not the correct answer as one week after January 2nd is January 9th, not January 16th.

'01/23/1958' - This is the date one week after January 2nd, which is their golden wedding anniversary.

Final Answer: '01/23/1958', With a Confidence Level of 100%

Note: The calculation is based on the assumption that the couple was married on January 2nd, 1958, and that their golden wedding anniversary is celebrated on the date one week after their wedding anniversary.""",01/23/1958,01/09/2008,1.0,False
80,"Jane and John married on Jan 2, 1958. Today is their golden wedding anniversary. What is the date 24 hours later in MM/DD/YYYY?","  ""Explanation:

Step 1: Given that Jane and John married on Jan 2, 1958.
Step 2: Identify the current date: To find out the current date, we need to determine what date follows Jan 2, 1958.
Step 3: Increment the date by 24 hours: If Jane and John married on Jan 2, 1958, then 24 hours later would be Jan 3, 1958.
Final Answer: '01/03/1958', With a Confidence Level of 98%

Note: I used the date increment formula to calculate the current date 24 hours later from the date of their marriage.""",01/03/1958,01/03/2008,0.98,False
81,"Jane got her job in 2016. Today is her 3-year work anniversary. She still remember that on Dec 2, her second day at work, she spilled coffee on her laptop. What is the date today in MM/DD/YYYY?","  ""Explanation:

Jane started her job in 2016, so today is her 3-year work anniversary. If she started her job on December 2, then today is December 2, 2021.

Final Answer: 12/02/2021, With a Confidence Level of 95%

The reasoning behind this answer is:

1. Jane started her job in 2016, so today is her 3-year work anniversary.
2. If she started her job on December 2, then today is December 2, 2021.

Therefore, the final answer is December 2, 2021, with a confidence level of 95%.
""",2,12/01/2019,0.95,False
83,"Jane got her job in 2016. Today is her 3-year work anniversary. She still remember that on Dec 2, her second day at work, she spilled coffee on her laptop. What is the date yesterday in MM/DD/YYYY?","  ""Explanation:

To find the date yesterday, we need to determine the date that follows Jane's 3-year work anniversary. Since her work anniversary is today, the date yesterday would be the day before today.

Step 1: Identify the date of Jane's 3-year work anniversary: Today is Jane's 3-year work anniversary, so the date yesterday is the day before today.

Step 2: Determine the date of the second day of Jane's job: On her second day of work, Jane spilled coffee on her laptop on December 2nd.

Final Answer: '11/30/2016', With a Confidence Level of 95%

The final answer is the date yesterday, which is November 30, 2016. With a confidence level of 95%, indicating a high probability that the answer is correct.""",11/30/2016,11/30/2019,0.95,False
84,"Jane got her job in 2016. Today is her 3-year work anniversary. She still remember that on Dec 2, her second day at work, she spilled coffee on her laptop. What is the date 10 days ago in MM/DD/YYYY?","  ""Explanation:

Jane started her job in 2016, so today is her 3-year work anniversary. If she started working on December 2, then today is 10 days after December 2.

To find the date 10 days ago, we can count forward 10 days from today:

Today's date: December 2
10 days ago: November 22

So, the final answer is '11/22/2021', with a confidence level of 90%

Final Answer: '11/22/2021', With a Confidence Level of 90%.""",11/22/2021,11/21/2019,0.9,False
87,"Jane got her job in 2016. Today is her 3-year work anniversary. She still remember that on Dec 2, her second day at work, she spilled coffee on her laptop. What is the date one week ago from today in MM/DD/YYYY?","  ""Explanation:

Jane started her job in 2016, so today is her 3-year work anniversary. If today is Dec 2, then one week ago would be Nov 27.

Final Answer: '11/27/2021', With a Confidence Level of 90%

"",",11/27/2021,11/24/2019,0.9,False
88,"Jane got her job in 2016. Today is her 3-year work anniversary. She still remember that on Dec 2, her second day at work, she spilled coffee on her laptop. What is the date one week from today in MM/DD/YYYY?","  Sure, I'd be happy to help you solve the problem!

""Explanation:
Step 1: Given that Jane got her job in 2016, and today is her 3-year work anniversary.
Step 2: Identify the date when Jane spilled coffee on her laptop, which she still remembers.
Step 3: Determine the date one week after the spill date.

Final Answer: '12/09/2016', With a Confidence Level of 90%

The final answer is one week after the spill date of '12/02/2016', which is '12/09/2016'.""",12/09/2016,12/08/2019,0.9,False
89,"Jane got her job in 2016. Today is her 3-year work anniversary. She still remember that on Dec 2, her second day at work, she spilled coffee on her laptop. What is the date 24 hours later in MM/DD/YYYY?","  ""Explanation:

Jane started her job in 2016, so today is her 3-year work anniversary. If she started her job on a Monday, then today would be Thursday, 3 years later.

We know that on her second day at work, she spilled coffee on her laptop on December 2. If today is Thursday, then 24 hours later would be Friday.

Therefore, the final answer is '12/02/2016', With a Confidence Level of 95%

The final answer is '12/02/2016', With a Confidence Level of 95%
""",12/02/2016,12/02/2019,0.95,False
91,"Jane quited her job on Mar 20, 2020. 176 days have passed since then. What is the date tomorrow in MM/DD/YYYY?","  ""The final answer is 04/29/2020, With a confidence level of 95%.""

Explanation:

1. Given that Jane quit her job on March 20, 2020, and 176 days have passed since then.
2. To find out the date tomorrow in MM/DD/YYYY, we need to determine what date follows March 20, 2020, after 176 days have passed.
3. We can use the formula: Date tomorrow = Date today + 176 days.
4. Therefore, the date tomorrow is April 29, 2020.

Note: The confidence level of 95% is based on the fact that we are using a simple calculation to determine the date tomorrow, and there is a small chance of an error in our calculation.",04,09/13/2020,0.95,False
92,"Jane quited her job on Mar 20, 2020. 176 days have passed since then. What is the date yesterday in MM/DD/YYYY?","  ""The final answer is 05/17/2020, With a Confidence Level of 95%.""

Explanation:

1. Given that Jane quit her job on March 20, 2020, we know that 176 days have passed since then.
2. To find the date yesterday, we need to determine what date follows March 20, 2020, given that 176 days have passed.
3. Since 176 days have passed, we can conclude that yesterday is 176 days after March 20, 2020.
4. To calculate the date yesterday, we can add 176 days to March 20, 2020, which gives us the date yesterday in MM/DD/YYYY format.

Therefore, the final answer is 05/17/2020, with a confidence level of 95%.",05,09/11/2020,0.95,False
93,"Jane quited her job on Mar 20, 2020. 176 days have passed since then. What is the date 10 days ago in MM/DD/YYYY?","  “The final answer is 03/08/2020, With a Confidence Level of 95%

Explanation:
Step 1: Given that Jane quit her job on March 20, 2020.
Step 2: Identify the number of days that have passed since March 20, 2020: 176 days have passed.
Step 3: Determine the date 10 days before the current date: To find the date 10 days before the current date, we need to subtract 10 days from the current date.

Final Answer: 03/08/2020
With a Confidence Level of 95%

Note: The confidence level is based on the accuracy of the analysis and the certainty of the answer. In this case, the answer is based on a straightforward calculation, and the confidence level is high.",03,09/02/2020,0.95,False
94,"Jane quited her job on Mar 20, 2020. 176 days have passed since then. What is the date a month ago in MM/DD/YYYY?","  “Explanation:

Step 1: Given that Jane quit her job on March 20, 2020.
Step 2: Identify the date a month ago: To find out the date a month ago, we need to determine the date that is one month before March 20, 2020.
Step 3: Subtract 1 month from the given date: If 176 days have passed since March 20, 2020, then the date a month ago would be February 20, 2020.

Final Answer: '02/20/2020', With a Confidence Level of 98%
”",02/20/2020,08/12/2020,0.98,False
95,"Jane quited her job on Mar 20, 2020. 176 days have passed since then. What is the date one year ago from today in MM/DD/YYYY?","  ""The final answer is 03/19/2020, With a Confidence Level of 95%.""

Explanation:

Step 1: Given that Jane quit her job on March 20, 2020.
Step 2: Identify the number of days that have passed since March 20, 2020: 176 days have passed.
Step 3: Determine the date one year ago from today: To find the date one year ago from today, we need to subtract 365 days from the current date. Since today's date is March 20, 2023, one year ago would be March 20, 2022.

Therefore, the final answer is March 20, 2020.",03,09/12/2019,0.95,False
99,2015 is coming in 36 hours. What is the date today in MM/DD/YYYY?,"  “The final answer is 03/06/2015, With a Confidence Level of 95%

Explanation:
Step 1: Given that 2015 is coming in 36 hours, we know that today's date is 36 hours from now.
Step 2: To find the current date, we need to determine what date follows 36 hours from today.
Step 3: Increment the date by 36 hours: If today's date is March 5th, then 36 hours from now would be March 7th, 2015.
Therefore, the final answer is 03/06/2015.
”",03,12/29/2014,0.95,False
103,2015 is coming in 36 hours. What is the date a month ago in MM/DD/YYYY?,"  Sure! Here's how I would solve the problem:

""Explanation:
Step 1: Given that 2015 is coming in 36 hours, we know that the current date is 36 hours before 2015.
Step 2: To find the date a month ago, we need to determine what date follows the current date 30 days ago.
Step 3: Since the current date is 36 hours before 2015, the date a month ago is the date that follows 30 days before 2015.
Final Answer: '02/23/2021', With a Confidence Level of 90%

My reasoning is as follows:

* If 2015 is coming in 36 hours, then the current date is 36 hours before 2015.
* To find the date a month ago, we need to determine what date follows 30 days before 2015. This is because 30 days before 2015 is February 23, 2021.
* Therefore, the date a month ago is February 23, 2021.

Please let me know if you have any questions or concerns!",02/23/2021,11/29/2014,0.9,False
107,2015 is coming in 36 hours. What is the date 24 hours later in MM/DD/YYYY?,"  Sure, I'd be happy to help you solve this problem!

""Explanation:
Step 1: Given that 2015 is coming in 36 hours, we know that the current date is 36 hours before 2015.
Step 2: Identify the current date: To find out the current date, we need to determine what date follows the day when 2015 is coming in.
Step 3: Increment the date by 24 hours: If 2015 is coming in 36 hours from now, then 24 hours later would be 2015.
Final Answer: 2015, With a Confidence Level of 100%

So, the final answer is 2015, which is the date 24 hours later after the current date when 2015 is coming in.""",2015,12/30/2014,1.0,False
115,"In the UK, people usually put the day before the month when formatting the date. Therefore, today is 02/01/1987 to them. What is the date one week from today in MM/DD/YYYY?","  ""Explanation:

Step 1: Given that today is 02/01/1987 in the UK, which means the day comes before the month when formatting the date.
Step 2: Identify the date one week from today: To find the date one week from 02/01/1987, we need to increment the day by one week.
Step 3: The final answer is 09/01/1987, With a Confidence Level of 90%

Final Answer: 09/01/1987, With a Confidence Level of 90%.""",09,01/09/1987,0.9,False
117,"Jane booked a flight for tomorrow, Jul 29, 2002. What is the date today in MM/DD/YYYY?","  ""Explanation:

Step 1: Given that Jane booked the flight for tomorrow, tomorrow's date is the current date.

Step 2: Determine the current date by incrementing the date by one day from the booking date.

Tomorrow's date is Jul 30, 2002.

Final Answer: '07/30/2002', With a Confidence Level of 95%

Note: The booking date is the starting point for determining the current date, and the increment of one day is the basis for calculating the current date.""",07/30/2002,07/28/2002,0.95,False
118,"Jane booked a flight for tomorrow, Jul 29, 2002. What is the date tomorrow in MM/DD/YYYY?","  “The final answer is 07/30/2002, With a Confidence Level of 95%.”

Explanation:
Step 1: Given that Jane booked the flight for tomorrow, we know that tomorrow is the day after today.
Step 2: Today is July 29, 2002.
Step 3: To find out the date tomorrow, we need to increment the date by one day.
Step 4: Therefore, the date tomorrow is July 30, 2002.

The final answer is 07/30/2002, with a confidence level of 95%.",07,07/29/2002,0.95,False
119,"Jane booked a flight for tomorrow, Jul 29, 2002. What is the date yesterday in MM/DD/YYYY?","  “Explanation:

Step 1: Given that Jane booked a flight for tomorrow, Jul 29, 2002.
Step 2: Identify the current date: To find out the current date, we need to determine what date follows Jul 29, 2002.
Step 3: Increment the date by one day: If Jul 29th is today, then yesterday would be Jul 28th, 2002.
Final Answer: '07/28/2002', With a Confidence Level of 98%

Note: I have used the date of Jul 29, 2002 as the given date, and calculated the date of Jul 28, 2002 as the previous date, which is the answer to the question. The confidence level is based on the accuracy of the calculation and the given information.”",07/28/2002,07/27/2002,0.98,False
123,"Jane booked a flight for tomorrow, Jul 29, 2002. What is the date one week ago from today in MM/DD/YYYY?","  ""Explanation:

Step 1: Given that Jane booked a flight for Jul 29, 2002, today.
Step 2: Identify the date one week ago from today: To find the date one week ago from Jul 29, 2002, we need to determine the date that is one week before Jul 29.
Step 3: Increment the date by one week: If today is Jul 29, then one week ago would be Jul 22, 2002.
Final Answer: '07/22/2002', With a Confidence Level of 99%

Note: I have used the assumption that the flight was booked on the exact date of Jul 29, 2002, for the calculation. If the flight was booked on a different date, the calculation would be different.""",07/22/2002,07/21/2002,0.99,False
124,"Jane booked a flight for tomorrow, Jul 29, 2002. What is the date one week from today in MM/DD/YYYY?","  ""Explanation:

Step 1: Given that Jane booked the flight for Jul 29, 2002, we know that today is Jul 22, 2002.

Step 2: To find the date one week from today, we need to add 7 days to Jul 22, 2002.

Final Answer: Jul 29, 2002, With a Confidence Level of 95%

Therefore, the final answer is Jul 29, 2002, which is one week from today, with a confidence level of 95%.",29,08/04/2002,0.95,False
129,Jane visits the bookstore on the 16th of each month starting from the October of 2009. It is her 5th visit to the bookstore today. What is the date 10 days ago in MM/DD/YYYY?,"  “‘Explanation:

We know that Jane visits the bookstore on the 16th of each month, starting from October 2009. Since today is her 5th visit, and 10 days ago would be before her 4th visit, we can deduce that 10 days ago was on the 10th of the month.

So, the final answer is '10/10/2009', With a Confidence Level of 95%
”’",10/10/2009,02/06/2010,0.95,False
132,Jane visits the bookstore on the 16th of each month starting from the October of 2009. It is her 5th visit to the bookstore today. What is the date one week ago from today in MM/DD/YYYY?,"  ""Explanation: Let's break down the problem step by step:

1. We know that Jane visits the bookstore on the 16th of each month starting from October 2009.
2. We are given that it is her 5th visit to the bookstore today.
3. To find the date one week ago from today, we need to subtract one week from today's date.

Final Answer: Today's date is '04/16/2023', With a Confidence Level of 95%

Note: The problem states that Jane visits the bookstore on the 16th of each month, but it does not specify the month. Since the problem is given in the format of a multiple-choice question, we can assume that the month is April. Therefore, the final answer is '04/16/2023'.""",04/16/2023,02/09/2010,0.95,False
146,Today is the first day of 2007. What is the date yesterday in MM/DD/YYYY?,"  ""Explanation:

Step 1: Given that today is the first day of 2007, yesterday would be December 31, 2006.

Step 2: Identify the current date: To find out the current date, we need to determine what date follows December 31, 2006.

Step 3: Increment the date by one day: If today is January 1, 2007, then yesterday would be December 30, 2006.

Final Answer: '12/30/2006', With a Confidence Level of 95%

Note: The confidence level is based on the fact that the problem is straightforward and the reasoning is logical, which increases the confidence in the answer.""",12/30/2006,12/31/2006,0.95,False
148,Today is the first day of 2007. What is the date a month ago in MM/DD/YYYY?,"  “Explanation:

Step 1: Given that today is the first day of 2007, yesterday would have been December 31, 2006.

Step 2: Identify the date a month ago: To find the date a month ago, we need to determine the date that follows December 31, 2006.

Step 3: Increment the date by one month: If today is January 1, 2007, then the date a month ago would be December 1, 2006.

Final Answer: '12/01/2006', With a Confidence Level of 98%

Note: I have used the same approach as before, evaluating each choice step by step, and arriving at the final answer with a high degree of confidence.”",12/01/2006,12/01/2006,0.98,True
149,Today is the first day of 2007. What is the date one year ago from today in MM/DD/YYYY?,"  “The final answer is 01/01/2006, With a Confidence Level of 95%”",01,01/01/2006,0.95,False
153,"Today is Apr 10, 1985. Jane's appointment will be 3 days later. What is the date today in MM/DD/YYYY?","  ""Explanation:

Step 1: Given that today is April 10, 1985.
Step 2: Identify the date 3 days later: To find the date 3 days later, we need to add 3 days to the current date.
Step 3: Determine the final answer: The final answer is '03/13/1985', with a confidence level of 90%

Final Answer: 03/13/1985, With a Confidence Level of 90%.""",03/13/1985,04/10/1985,0.9,False
154,"Today is Apr 10, 1985. Jane's appointment will be 3 days later. What is the date tomorrow in MM/DD/YYYY?","  ""Explanation:
Step 1: Given that today is April 10, 1985.
Step 2: Identify the date 3 days later: To find the date 3 days later, we need to add 3 days to the current date.
Step 3: Increment the date by 3 days: If today is April 10, then tomorrow would be April 13, 1985.
Final Answer: '04/13/1985', With a Confidence Level of 99%

Please provide the final answer and your confidence level in the answer as a percentage from 0-100. Use the following format to answer:
“‘Explanation: [insert step-by-step analysis here]
Final Answer [MM/DD/YYYY], With a Confidence Level of [Your confidence level, please only include the numerical number in the range of 0-100]%”’",04/13/1985,04/11/1985,0.99,False
155,"Today is Apr 10, 1985. Jane's appointment will be 3 days later. What is the date yesterday in MM/DD/YYYY?","  ""Explanation:

Step 1: Given that today is April 10, 1985, and Jane's appointment is 3 days later.
Step 2: Identify the current date: To find out the current date, we need to determine what date follows April 10, 1985.
Step 3: Increment the date by 3 days: If today is April 10, then 3 days later would be April 13, 1985.
Final Answer: '04/13/1985', With a Confidence Level of 90%

Note: I used the assumption that Jane's appointment is scheduled for a date that follows the current date by 3 days to calculate the answer.""",04/13/1985,04/09/1985,0.9,False
157,"Today is Apr 10, 1985. Jane's appointment will be 3 days later. What is the date a month ago in MM/DD/YYYY?","  “The final answer is 03/15/1985, With a Confidence Level of 90%

Explanation:
Step 1: Given that Jane's appointment is 3 days later, we know that today is 3 days before the appointment date.
Step 2: Identify the date a month ago: To find the date a month ago, we need to determine the date that is 30 days before today.
Step 3: Increment the date by one month: If today is 03/10/1985, then the date a month ago would be 02/10/1985.

Therefore, the final answer is 03/15/1985, with a confidence level of 90%.",03,03/10/1985,0.9,False
159,"Today is Apr 10, 1985. Jane's appointment will be 3 days later. What is the date one week ago from today in MM/DD/YYYY?","  “The final answer is 04/03/1985, With a Confidence Level of 95%.”

Explanation:

Step 1: Given that today is April 10, 1985, we know that Jane's appointment will be 3 days later.

Step 2: To find the date one week ago from today, we need to determine the date that is 7 days before today.

Step 3: If today is April 10, 1985, then one week ago would be March 31, 1985.

Therefore, the final answer is 03/31/1985.",03,04/03/1985,0.95,False
160,"Today is Apr 10, 1985. Jane's appointment will be 3 days later. What is the date one week from today in MM/DD/YYYY?","  ""Explanation:

Step 1: Given that today is April 10, 1985.
Step 2: Identify the date 3 days later: To find the date 3 days later, we need to add 3 days to the current date.
Step 3: Evaluate the choices:
'04/13/1985'
'04/17/1985'
'04/20/1985'
'04/23/1985'
'04/26/1985'

Final Answer: '04/17/1985', With a Confidence Level of 80%

Note: The confidence level is an estimate of how certain I am that the answer is correct, based on the information provided in the question. It is not a guarantee that the answer is 100% correct, but rather a measure of how confident I can be in the answer.""",04/17/1985,04/17/1985,0.8,True
168,"Today is 3/5, and it is Jane's second time in the year 1973 to see a meteor shower. What is the date one week ago from today in MM/DD/YYYY?","  ""Explanation:

Step 1: Given that today is 3/5, we know that it is March 5th in 1973.

Step 2: Since Jane has seen a meteor shower twice in 1973, we know that the date one week ago from today is also in March.

Step 3: To find the date one week ago from March 5th, we can count forward one week:

March 5th - 7 days = February 27th, 1973

Final Answer: '02/27/1973', With a Confidence Level of 90%

Note: The confidence level is based on the fact that we have two pieces of information that can be used to determine the date one week ago from today, and we have successfully applied the information to find the correct answer.""",02/27/1973,02/26/1973,0.9,False
173,"Yesterday, Jan 21, 2011, Jane ate 2 pizzas and 5 wings. What is the date yesterday in MM/DD/YYYY?","  “The final answer is 01/20/2011, With a Confidence Level of 95%”

Explanation:
Step 1: Given that yesterday was January 21, 2011.
Step 2: Identify the current date: To find out the current date, we need to determine what date follows January 21, 2011.
Step 3: Increment the date by one day: If yesterday was January 21st, then today would be January 22nd, 2011.

Therefore, the final answer is 01/20/2011. With a confidence level of 95%.",01,01/21/2011,0.95,False
175,"Yesterday, Jan 21, 2011, Jane ate 2 pizzas and 5 wings. What is the date a month ago in MM/DD/YYYY?","  ""Explanation:

Step 1: Given that yesterday was January 21, 2011.
Step 2: Identify the date a month ago: To find out the date a month ago, we need to determine the date that follows January 21, 2011.
Step 3: Subtract one month: If yesterday was January 21st, then a month ago would be December 21st, 2010.

Final Answer: '12/21/2010', With a Confidence Level of 90%

Note: The confidence level is an estimate of how certain I am that the answer is correct, based on the information provided and my analysis of it.""",12/21/2010,12/22/2010,0.9,False
176,"Yesterday, Jan 21, 2011, Jane ate 2 pizzas and 5 wings. What is the date one year ago from today in MM/DD/YYYY?","  ""Explanation:

Step 1: Given that yesterday was January 21, 2011.
Step 2: Identify the current date: To find out the current date one year ago from January 21, 2011, we need to determine what date follows January 21, 2011.
Step 3: Subtract one year: If yesterday was January 21, 2011, then one year ago today would be January 21, 2010.

Final Answer: '01/21/2010', With a Confidence Level of 98%

Note: The confidence level is based on the accuracy of the calculation and the assumptions made during the problem-solving process.""",01/21/2010,01/22/2010,0.98,False
177,"Yesterday, Jan 21, 2011, Jane ate 2 pizzas and 5 wings. What is the date one week ago from today in MM/DD/YYYY?","  ""Explanation:

Step 1: Given that yesterday was January 21, 2011.
Step 2: Identify the current date: To find out the current date one week ago from January 21, 2011, we need to determine what date follows one week after January 28, 2011.
Step 3: Increment the date by one week: If yesterday was January 21st, then one week ago today would be January 14th, 2011.

Final Answer: '01/14/2011', With a Confidence Level of 98%

Note: The confidence level is based on the accuracy of the calculation and the assumption that the information provided is correct. It is important to double-check the calculation and ensure that the information provided is accurate to achieve a higher level of confidence in the answer.""",01/14/2011,01/15/2011,0.98,False
178,"Yesterday, Jan 21, 2011, Jane ate 2 pizzas and 5 wings. What is the date one week from today in MM/DD/YYYY?","  ""The final answer is 01/28/2011, with a confidence level of 95%.""

Explanation:
Step 1: Given that yesterday was January 21, 2011, we know that today is one week later.
Step 2: To find the current date, we need to determine what date follows January 28, 2011.
Step 3: Increment the date by one week: If yesterday was January 21st, then today would be January 28th, 2011.

Therefore, the final answer is 01/28/2011, with a confidence level of 95%.",01,01/29/2011,0.95,False
179,"Yesterday, Jan 21, 2011, Jane ate 2 pizzas and 5 wings. What is the date 24 hours later in MM/DD/YYYY?","  ""Explanation:

Step 1: Given that yesterday was January 21, 2011.
Step 2: Identify the current date: To find out the current date, we need to determine what date follows January 21, 2011.
Step 3: Increment the date by 24 hours: If yesterday was January 21st, then 24 hours later would be January 22nd, 2011.
Final Answer: '01/22/2011', With a Confidence Level of 95%

Please let me know if you need any further assistance.""",01/22/2011,01/23/2011,0.95,False
193,"Jane thinks today is 6/18/2019, but John thinks today is 6/19/2019. John is correct. What is the date a month ago in MM/DD/YYYY?","  ""Explanation:

Step 1: Given that Jane thinks today is 6/18/2019, and John thinks today is 6/19/2019.

Step 2: To find out the date a month ago, we need to determine the date that is one month before the date Jane and John are thinking of.

Step 3: Evaluating each choice:

'05/18/2019' - Incorrect, as this is the date one month after 6/18/2019.

'06/18/2019' - Incorrect, as this is the date Jane is thinking of.

'07/18/2019' - Incorrect, as this is the date two months after 6/18/2019.

'06/19/2019' - Correct, as this is the date John is thinking of.

Final Answer: '06/19/2019', With a Confidence Level of 100%

Note: The reason why the answer is 100% confident is because the information provided by John is the only correct answer among the choices given.""",06/19/2019,05/19/2019,1.0,False
200,"May 6, 1992 is like yesterday to Jane, but that is actually ten years ago. What is the date yesterday in MM/DD/YYYY?","  ""Explanation:

Given that May 6, 1992 is like yesterday to Jane, and ten years have passed since then, we can start by determining the current date based on the given information.

Step 1: Identify the current date

Since May 6, 1992 is like yesterday to Jane, the current date is 10 years after that date. Therefore, the current date is May 6, 2002.

Final Answer: May 06, 2002, With a Confidence Level of 95%

The final answer is May 6, 2002, which is the date that is 10 years after May 6, 1992, given that Jane considers that date as yesterday.""",6,05/05/2002,0.95,False
203,"May 6, 1992 is like yesterday to Jane, but that is actually ten years ago. What is the date one year ago from today in MM/DD/YYYY?","  ""Explanation:

Step 1: Given that May 6, 1992 is like yesterday to Jane, but that is actually ten years ago.
Step 2: Identify the current date: To find out the current date, we need to determine what date follows May 6, 1992, which is ten years ago.
Step 3: Increment the date by ten years: If May 6, 1992 is ten years ago, then the current date would be ten years after that, which is May 6, 2002.
Final Answer: '05/06/2002', With a Confidence Level of 95%

Note: The problem states that May 6, 1992 is like yesterday to Jane, but it does not specify what year it is in relation to. Therefore, we are assuming that the year is 2002, which is ten years after May 6, 1992.""",05/06/2002,05/06/2001,0.95,False
206,"May 6, 1992 is like yesterday to Jane, but that is actually ten years ago. What is the date 24 hours later in MM/DD/YYYY?","  ""Explanation:

Step 1: Given that May 6, 1992 is like yesterday to Jane, we can assume that Jane is referring to a date that is 24 hours earlier than the current date.

Step 2: To find the current date, we need to determine what date follows May 6, 1992. Since May 6, 1992 is 24 hours earlier than the current date, the current date is 24 hours later than May 6, 1992.

Step 3: Increment the date by 24 hours: If May 6, 1992 is 24 hours earlier than the current date, then the current date is 24 hours later than May 6, 1992. Therefore, the final answer is '05/08/1992', with a confidence level of 95%

Final Answer: '05/08/1992', With a Confidence Level of 95%.""",05/08/1992,05/07/2002,0.95,False
208,Today is Christmas Eve of 1937. What is the date tomorrow in MM/DD/YYYY?,"  “Explanation:

Step 1: Given that today is Christmas Eve of 1937, we know that yesterday was December 24th, 1937.

Step 2: Identify the current date: To find out the current date, we need to determine what date follows December 24th, 1937.

Step 3: Increment the date by one day: If today is Christmas Eve, then tomorrow would be December 25th, 1937.

Final Answer: '12/25/1937', With a Confidence Level of 98%

Note: I used a calculator to help me with the calculation, but I also verified the answer manually to ensure accuracy.”",12/25/1937,12/25/1937,0.98,True
210,Today is Christmas Eve of 1937. What is the date 10 days ago in MM/DD/YYYY?,"  “Explanation:
To find the date 10 days ago in 1937, we need to count back 10 days from Christmas Eve.

Date: 10 days ago = December 14, 1937

With a confidence level of 90%

Final Answer: '12/14/1937', With a Confidence Level of 90%”",12/14/1937,12/14/1937,0.9,True
212,Today is Christmas Eve of 1937. What is the date one year ago from today in MM/DD/YYYY?,"  ""Explanation:
To determine the date one year ago from today, we need to find the date that follows Christmas Eve of 1937.

Step 1: Given that today is Christmas Eve of 1937, the current date is December 24, 1937.

Step 2: Identify the date one year ago from December 24, 1937.

Step 3: Increment the date by one year: If today is December 24, 1937, then one year ago would be December 24, 1936.

Final Answer: '12/24/1936', With a Confidence Level of 99%

Note: The confidence level is based on the fact that we are given the date one year ago from today, and it is unlikely that the date would change significantly in a short period of time.""",12/24/1936,12/24/1936,0.99,True
213,Today is Christmas Eve of 1937. What is the date one week ago from today in MM/DD/YYYY?,"  ""Explanation:

To determine the date one week ago from Christmas Eve of 1937, we need to first determine the date of Christmas Eve in MM/DD/YYYY format. Since Christmas Eve in 1937 fell on December 24th, the date is '12/24/1937'.

Now, to find the date one week ago from this date, we simply need to subtract one week from the current date. Since one week is equal to 7 days, we can subtract 7 days from '12/24/1937' to get the answer: '12/17/1937'.

Therefore, the final answer is '12/17/1937', with a confidence level of 95%.""",12/17/1937,12/17/1937,0.95,True
218,"Today is the palindrome day of 2020, because the MMDDYYYY format of the date is the same backwards as forwards. What is the date yesterday in MM/DD/YYYY?","  “‘Explanation:

To determine the date yesterday in MM/DD/YYYY, we need to find a date that is the same backwards and forwards in the format of MMDDYYYY. Since the date is a palindrome, the date yesterday is the same as the current date.

Final Answer: 02/22/2020, With a Confidence Level of 100%”

In this case, the date yesterday is indeed the same as the current date, so the final answer is 02/22/2020, with a confidence level of 100%.",02,02/01/2020,1.0,False
221,"Today is the palindrome day of 2020, because the MMDDYYYY format of the date is the same backwards as forwards. What is the date one year ago from today in MM/DD/YYYY?","  ""Explanation: To determine the date one year ago from today, we need to evaluate each choice and compare it to the palindrome day of 2020.

Step 1: Today's date is a palindrome, meaning the MM/DD/YYYY format is the same backwards as forwards.

Step 2: Evaluate each choice:

'05/01/2020' - This is not the palindrome day of 2020.

'02/23/2020' - This is not the palindrome day of 2020.

'03/11/2020' - This is not the palindrome day of 2020.

'05/09/2020' - This is not the palindrome day of 2020.

'06/12/2020' - This is not the palindrome day of 2020.

Final Answer: '04/29/2020', With a Confidence Level of 80%

Explanation: Since today's date is a palindrome, the date one year ago must also be a palindrome. By evaluating each choice and comparing it to the palindrome day of 2020, we can determine that the correct answer is '04/29/2020'.""",04/29/2020,02/02/2019,0.8,False
222,"Today is the palindrome day of 2020, because the MMDDYYYY format of the date is the same backwards as forwards. What is the date one week ago from today in MM/DD/YYYY?","  ""Explanation: To determine the date one week ago from today, we need to find the date that is the same backwards and forwards in the MM/DD/YYYY format. Today's date is a palindrome, meaning that when we reverse the order of the digits, we get the same date. Therefore, one week ago from today is the same date in reverse.

Final Answer: 02/27/2020, With a Confidence Level of 95%

The reasoning behind this answer is as follows:

1. Today's date is 02/27/2020.
2. When we reverse the digits of today's date, we get 02/27/2020.
3. Therefore, one week ago from today is also 02/27/2020.

By evaluating each choice and analyzing the information given in the problem, we can conclude that the final answer is '02/27/2020'. With a confidence level of 95%.",02/27/2020,01/26/2020,0.95,False
224,"Today is the palindrome day of 2020, because the MMDDYYYY format of the date is the same backwards as forwards. What is the date 24 hours later in MM/DD/YYYY?","  ""Explanation: To determine the date 24 hours later in MM/DD/YYYY, we need to evaluate each choice based on the given information.

Step 1: Today is a palindrome day of 2020, meaning the date in MM/DD/YYYY format is the same backwards and forwards.

Step 2: Evaluate each choice:

A) '05/01/2020' - This choice does not match the palindrome requirement as the date in MM/DD/YYYY format is not the same backwards and forwards.

B) '02/23/2020' - This choice also does not match the palindrome requirement as the date in MM/DD/YYYY format is not the same backwards and forwards.

C) '03/11/2020' - This choice does not match the palindrome requirement as the date in MM/DD/YYYY format is not the same backwards and forwards.

D) '05/09/2020' - This choice does not match the palindrome requirement as the date in MM/DD/YYYY format is not the same backwards and forwards.

E) '06/12/2020' - This choice does not match the palindrome requirement as the date in MM/DD/YYYY format is not the same backwards and forwards.

F) '04/29/2020' - This choice does not match the palindrome requirement as the date in MM/DD/YYYY format is not the same backwards and forwards.

Step 3: The only choice that matches the palindrome requirement is:

Final Answer: '04/30/2020', With a Confidence Level of 100%

Explanation: The date '04/30/2020' is the only choice that has the same date format both backwards and forwards, making it the correct answer.""",04/30/2020,02/03/2020,1.0,False
228,This is the last day of 1899. What is the date 10 days ago in MM/DD/YYYY?,"  “The final answer is 12/10/1899, With a Confidence Level of 95%

Explanation:
Step 1: Given that it is the last day of 1899, we know that the current date is earlier than 1899.
Step 2: Identify the date 10 days ago: To find the date 10 days ago, we need to subtract 10 days from the last day of 1899.
Step 3: Convert the date to MM/DD/YYYY format: Once we have the number of days ago, we can convert it to MM/DD/YYYY format.

Therefore, the final answer is 12/10/1899, with a confidence level of 95%.",12,12/21/1899,0.95,False
229,This is the last day of 1899. What is the date a month ago in MM/DD/YYYY?,"  ""Explanation:
To determine the date a month ago in MM/DD/YYYY, we need to find the date that is one month before the last day of 1899.

Step 1: Identify the last day of 1899
Last day of 1899: December 31, 1899

Step 2: Subtract one month from the last day of 1899
Date a month ago: December 30, 1899

Therefore, the final answer is '12/30/1899', with a confidence level of 95%

Final Answer: '12/30/1899', With a Confidence Level of 95%.""",12/30/1899,11/30/1899,0.95,False
230,This is the last day of 1899. What is the date one year ago from today in MM/DD/YYYY?,"  ""Explanation:
To determine the date one year ago from today, we need to find the date that follows the current date and is one year earlier.

Step 1: Identify the current date
The given problem states that today is December 31, 1899.

Step 2: Determine the date one year ago
If today is December 31, 1899, then one year ago would be December 31, 1898.

Final Answer: December 31, 1898, With a Confidence Level of 100%

Therefore, the final answer is December 31, 1898, with a confidence level of 100%.",31,12/31/1898,1.0,False
231,This is the last day of 1899. What is the date one week ago from today in MM/DD/YYYY?,"  ""The final answer is 12/30/1899, with a confidence level of 98%.""

Explanation:

Step 1: Given that today is December 31, 1899, we know that yesterday was December 24, 1899.

Step 2: Identify the current date: To find out the current date, we need to determine what date follows December 24, 1899.

Step 3: Increment the date by one week: If yesterday was December 24th, then today would be January 1st, 1899.

Therefore, the final answer is 12/30/1899.",12,12/24/1899,0.98,False
232,This is the last day of 1899. What is the date one week from today in MM/DD/YYYY?,"  ""Explanation:

Step 1: Given that today is December 30, 1899.
Step 2: Identify the current date: To find out the current date one week from December 30, 1899, we need to determine what date follows December 30, 1899.
Step 3: Increment the date by one week: If today is December 30, 1899, then one week later would be January 6, 1900.

Final Answer: '01/06/1900', With a Confidence Level of 95%

,""",01/06/1900,01/07/1900,0.95,False
233,This is the last day of 1899. What is the date 24 hours later in MM/DD/YYYY?,"  ""Explanation:

Step 1: Given that it is the last day of 1899, we know that the current date is December 31, 1899.

Step 2: Identify the date 24 hours later: To find the date 24 hours later, we need to increment the date by 24 hours.

Step 3: Evaluate the choices:

'01/01/1900'
'01/02/1900'
'01/03/1900'
'01/04/1900'
'01/05/1900'

Step 4: Determine the final answer: The final answer is '01/01/1900', with a confidence level of 100%.

Final Answer [MM/DD/YYYY], With a Confidence Level of 100%

“The final answer is ‘01/01/1900’, with a confidence level of 100%.”",01/01/1900,01/01/1900,1.0,True
243,"Jane scheduled 3 apointments with 5 poeple for tomorrow (Tue, 7/9/1972). What is the date today in MM/DD/YYYY?","  “The final answer is 07/10/1972, With a Confidence Level of 95%

Explanation:
Step 1: Given that Jane scheduled appointments for tomorrow (Tue, 7/9/1972).
Step 2: Identify the current date: To find out the current date, we need to determine what date follows July 9, 1972.
Step 3: Increment the date by one day: If yesterday was July 9th, then today would be July 10th, 1972.

Therefore, the final answer is 07/10/1972, with a confidence level of 95%.",07,07/08/1972,0.95,False
244,"Jane scheduled 3 apointments with 5 poeple for tomorrow (Tue, 7/9/1972). What is the date tomorrow in MM/DD/YYYY?","  “Explanation:
Step 1: Given that Jane scheduled appointments for tomorrow (Tue, 7/9/1972).
Step 2: Identify the current date: To find out the current date, we need to determine what date follows July 9, 1972.
Step 3: Increment the date by one day: If today is Monday, July 9, 1972, then tomorrow would be Tuesday, July 10, 1972.
Final Answer: '07/10/1972', With a Confidence Level of 100%
”",07/10/1972,07/09/1972,1.0,False
245,"Jane scheduled 3 apointments with 5 poeple for tomorrow (Tue, 7/9/1972). What is the date yesterday in MM/DD/YYYY?","  ""Explanation:

Step 1: Given that Jane scheduled appointments for tomorrow (Tue, 7/9/1972), we know that yesterday was Monday, July 8, 1972.

Step 2: To determine the current date, we need to find out what date follows July 8, 1972. Since tomorrow is Tuesday, July 9, 1972, yesterday was July 8, 1972.

Final Answer: '07/08/1972', With a Confidence Level of 100%

Note: The year 1972 is a leap year, which means that July 8, 1972 is a Sunday. Therefore, the next day would be Monday, July 9, 1972, which is the date of the appointments scheduled by Jane.""",07/08/1972,07/07/1972,1.0,False
246,"Jane scheduled 3 apointments with 5 poeple for tomorrow (Tue, 7/9/1972). What is the date 10 days ago in MM/DD/YYYY?","  ""The final answer is 06/02/1972, with a confidence level of 95%.""

Explanation:

Step 1: Identify the date 10 days ago

10 days ago, on a Tuesday, would be the previous Tuesday.

07/09/1972 - 10 days = 06/02/1972

Step 2: Evaluate each choice

Choices:

'05/09/1972'
'06/12/1972'
'07/11/1972'
'08/08/1972'
'09/01/1972'
'10/07/1972'

Step 3: Determine the correct answer

The correct answer is '06/02/1972'.

Reasoning:

Jane scheduled 3 appointments with 5 people for tomorrow (Tue, 7/9/1972). If 10 days have passed since then, the date would be 06/02/1972, which is the date 10 days ago from the given date.",06,06/28/1972,0.95,False
247,"Jane scheduled 3 apointments with 5 poeple for tomorrow (Tue, 7/9/1972). What is the date a month ago in MM/DD/YYYY?","  ""Explanation:

Step 1: Identify the current date - Tuesday, July 9, 1972.
Step 2: Determine the date a month ago - To find the date a month ago, we need to subtract one month from the current date.
Step 3: Evaluate each choice - We are given six choices:
'08/08/1972'
'07/16/1972'
'06/29/1972'
'05/25/1972'
'04/21/1972'
'03/07/1972'

Step 4: Determine the correct answer - The correct answer is '07/10/1972', with a confidence level of 80%

Final Answer: '07/10/1972', With a Confidence Level of 80%.""",07/10/1972,06/08/1972,0.8,False
248,"Jane scheduled 3 apointments with 5 poeple for tomorrow (Tue, 7/9/1972). What is the date one year ago from today in MM/DD/YYYY?","  ""Explanation:
Step 1: Identify the current date - July 9, 1972
Step 2: Determine the date one year ago from today
July 9, 1972 - 1 year = June 9, 1971
Final Answer: '06/09/1971', With a Confidence Level of 99%
""",06/09/1971,07/08/1971,0.99,False
250,"Jane scheduled 3 apointments with 5 poeple for tomorrow (Tue, 7/9/1972). What is the date one week from today in MM/DD/YYYY?","  ""Explanation:

Step 1: Given that Jane scheduled appointments for tomorrow (Tue, 7/9/1972).
Step 2: Identify the current date: To find out the current date one week from tomorrow, we need to determine what date follows July 9, 1972.
Step 3: Increment the date by one week: If tomorrow is July 9th, then one week later would be July 16th, 1972.

Final Answer: '07/16/1972', With a Confidence Level of 95%

Note: The answer is based on the assumption that the appointments are scheduled for the same time every day, and that there are no holidays or other events that might affect the date of the appointments. Additionally, the answer is based on the Gregorian calendar, which is the most widely used calendar in the world.""",07/16/1972,07/15/1972,0.95,False
251,"Jane scheduled 3 apointments with 5 poeple for tomorrow (Tue, 7/9/1972). What is the date 24 hours later in MM/DD/YYYY?","  ""Explanation:

Step 1: Given that Jane scheduled appointments for tomorrow, which is Tuesday, July 9, 1972.
Step 2: Identify the date 24 hours later. To find the date 24 hours later, we need to add 24 hours to July 9, 1972.
Step 3: Evaluate each choice:

A) '07/10/1972'
B) '07/11/1972'
C) '07/12/1972'
D) '07/13/1972'
E) '07/14/1972'
F) '07/15/1972'

Final Answer: '07/11/1972', With a Confidence Level of 90%

Explanation: The appointments were scheduled for tomorrow, so the date 24 hours later would be July 11, 1972. Option A is the correct answer.""",07/11/1972,07/09/1972,0.9,False
258,The current local time is 3:02 pm of 5/4/2004. What is the date one week ago from today in MM/DD/YYYY?,"  “The final answer is 05/01/2004, With a Confidence Level of 95%

Explanation:
Step 1: Given that the current local time is 3:02 pm on 5/4/2004, we know that yesterday was 5/3/2004.
Step 2: Identify the date one week ago from today: To find the date one week ago from 5/4/2004, we need to subtract one week from today's date.
Step 3: Calculate the date one week ago: Subtracting one week from 5/4/2004 gives us 4/27/2004.
Therefore, the date one week ago from today is 04/27/2004.

Final Answer: 04/27/2004, With a Confidence Level of 95%.”",05,04/27/2004,0.95,False
259,The current local time is 3:02 pm of 5/4/2004. What is the date one week from today in MM/DD/YYYY?,"  ""Explanation:

Step 1: Given that the current local time is 3:02 pm of May 4th, 2004.
Step 2: Identify the date one week from today: To find the date one week from May 4th, we need to add 7 days (one week) to the current date.
Step 3: Increment the date by one week: If the current local time is 3:02 pm of May 4th, then one week later the date would be May 11th, 2004.
Final Answer: '05/11/2004', With a Confidence Level of 95%

Please provide the final answer and your confidence level in the answer as a percentage from 0-100.",05/11/2004,05/11/2004,0.95,True
263,Today is the second day of the third month of 1966. What is the date yesterday in MM/DD/YYYY?,"  ""Explanation:

Step 1: Given that today is the second day of the third month of 1966, we can start by identifying the current month and day. Today is March 14, 1966.

Step 2: To find out what the date was yesterday, we need to determine what date follows March 14th.

Step 3: Since yesterday was March 13th, 1966.

Final Answer: '03/13/1966', With a Confidence Level of 95%

Please let me know if you have any questions or need further clarification.",03/13/1966,03/01/1966,0.95,False
264,Today is the second day of the third month of 1966. What is the date 10 days ago in MM/DD/YYYY?,"  “Explanation:
To determine the date 10 days ago in MM/DD/YYYY, we need to find the date that precedes the current date by 10 days.

Step 1: Identify the current date
The problem states that today is the second day of the third month of 1966. If today is the 12th, then the current date is 14th March 1966 (03/14/1966).

Step 2: Find the date 10 days ago
To find the date 10 days ago, we need to subtract 10 days from the current date.

Date 10 days ago: 03/04/1966 (with a confidence level of 95%)

Therefore, the final answer is '03/04/1966', With a Confidence Level of 95%.""",03/04/1966,02/20/1966,0.95,False
267,Today is the second day of the third month of 1966. What is the date one week ago from today in MM/DD/YYYY?,"  “The final answer is 03/14/1966, With a Confidence Level of 90%

Explanation:
Step 1: Given that today is the second day of the third month of 1966, we know that today is March 14, 1966.
Step 2: To find out what the date was one week ago, we need to determine how many days have passed since March 14, 1966. We can do this by subtracting one week from the current date.
Step 3: Subtracting one week from March 14, 1966 gives us March 7, 1966.
Therefore, the date one week ago from today is March 7, 1966.

Note: I used a 1966 calendar to determine the date one week ago from today.",03,02/23/1966,0.9,False
268,Today is the second day of the third month of 1966. What is the date one week from today in MM/DD/YYYY?,"  ""Explanation:

Step 1: Given that today is the second day of the third month of 1966, we know that the current date is March 14, 1966.

Step 2: To find out the date one week from today, we need to add 7 days to the current date.

Final Answer: March 21, 1966, With a Confidence Level of 95%

'The final answer is March 21, 1966, With a Confidence Level of 95%',

Please let me know if you need any further assistance.",21,03/09/1966,0.95,False
271,Today is 9/7. Jane is watching NFL 2003. What is the date tomorrow in MM/DD/YYYY?,"  Explanation:
To determine the date tomorrow, we need to analyze the information provided in the problem.

Step 1: Identify the current date
Today is 9/7, which means the current date is September 7, 2003.

Step 2: Determine the date tomorrow
Since Jane is watching NFL 2003, it means tomorrow is September 8, 2003.

Final Answer: 09/08/2003, With a Confidence Level of 100%

Therefore, the final answer is September 8, 2003, with a confidence level of 100%.",8,09/08/2003,1.0,False
275,Today is 9/7. Jane is watching NFL 2003. What is the date one year ago from today in MM/DD/YYYY?,"  ""Explanation:
To determine the date one year ago from today, we need to first identify the date today. Since Jane is watching NFL 2003, today's date is 9/7.

Next, we need to increment the date by one year: 9/7 + 1 = 9/8.

Therefore, the final answer is 9/8/YYYY, with a confidence level of 100%!

Final Answer: 9/8/YYYY, With a Confidence Level of 100%.""",9,09/07/2002,1.0,False
276,Today is 9/7. Jane is watching NFL 2003. What is the date one week ago from today in MM/DD/YYYY?,"  ""Explanation:
To determine the date one week ago from today, we need to first identify the current date. Since Jane is watching NFL 2003, today must be September 7, 2021.

Step 1: Determine the current date in MM/DD/YYYY format.
Current date = 9/7/2021

Step 2: Calculate the date one week ago from the current date.
One week ago = Current date - 7 days
One week ago = 9/7/2021 - 7 days
One week ago = 9/1/2021

Therefore, the final answer is '9/1/2021', with a confidence level of 100%.""",9,08/31/2003,1.0,False
277,Today is 9/7. Jane is watching NFL 2003. What is the date one week from today in MM/DD/YYYY?,"  “The final answer is 09/14/2003, With a Confidence Level of 95%

Explanation:
Step 1: Given that Jane is watching NFL 2003, the current date is one week before the NFL game.
Step 2: Identify the date one week before September 7, 2003.
Step 3: Increment the date by one week: If today is September 7, 2003, then one week later would be September 14, 2003.

Therefore, the final answer is 09/14/2003, with a confidence level of 95%.",09,09/14/2003,0.95,False
280,Yesterday was 12/31/1929. Today could not be 12/32/1929 because December has only 31 days. What is the date tomorrow in MM/DD/YYYY?,"  “Explanation: Given that yesterday was 12/31/1929, we know that today cannot be 12/32/1929, as December only has 31 days. To find the date tomorrow, we need to increment the date by one day.

Final Answer: 01/01/1930, With a Confidence Level of 95%

The final answer is 01/01/1930, as tomorrow would be the first day of the year 1930, given that yesterday was 12/31/1929. The confidence level is 95%, as we have a clear and logical reasoning for our answer based on the information provided.”",01,01/02/1930,0.95,False
283,Yesterday was 12/31/1929. Today could not be 12/32/1929 because December has only 31 days. What is the date a month ago in MM/DD/YYYY?,"  “Explanation:

Given that yesterday was 12/31/1929, we need to determine what date follows 12/31/1929 and is one month ago.

Step 1: Identify the current date

12/31/1929 is 31 days before the end of December, which is 12/31/1929.

Step 2: Determine the current date

If yesterday was 12/31/1929, then today would be 12/30/1929.

Step 3: Evaluate the choices

Choices '01/01/1929' and '02/28/1929' are incorrect as they are more than one month away from 12/30/1929.

Final Answer: '12/29/1929', With a Confidence Level of 95%

Therefore, the date a month ago in MM/DD/YYYY is 12/29/1929.",12/29/1929,12/01/1929,0.95,False
284,Yesterday was 12/31/1929. Today could not be 12/32/1929 because December has only 31 days. What is the date one year ago from today in MM/DD/YYYY?,"  “The final answer is 12/30/1928, With a Confidence Level of 99%”

Explanation:

Step 1: Given that yesterday was 12/31/1929, we know that today is one year later.

Step 2: Identify the current date: Since December only has 31 days, today cannot be 12/32/1929. Therefore, the current date is one year before 12/32/1929, which is 12/31/1928.

Final Answer: 12/30/1928

Confidence Level: 99%

Note: The confidence level is based on the certainty of the steps taken to arrive at the answer, and can vary depending on the complexity of the problem and the accuracy of the assumptions made.",12,01/01/1929,0.99,False
294,The day before yesterday was 11/23/1933. What is the date one week ago from today in MM/DD/YYYY?,"  “The final answer is 11/30/1933, With a Confidence Level of 90%”",11,11/18/1933,0.9,False
297,"In the US, Thanksgiving is on the fourth Thursday of November. Today is the US Thanksgiving of 2001. What is the date today in MM/DD/YYYY?","  ""Explanation:

Step 1: Given that Thanksgiving in the US is on the fourth Thursday of November, we know that Thanksgiving in 2001 was on November 22nd.

Step 2: To determine the current date today, we need to find out what date follows November 22nd in the MM/DD/YYYY format.

Step 3: Since November 22nd falls on a Thursday, the fourth Thursday of November would be December 20th.

Final Answer: '12/20/2001', With a Confidence Level of 99%

Note: The confidence level is based on the fact that Thanksgiving always falls on the fourth Thursday of November, and the date of Thanksgiving in 2001 can be easily calculated using this information.""",12/20/2001,11/22/2002,0.99,False
298,"In the US, Thanksgiving is on the fourth Thursday of November. Today is the US Thanksgiving of 2001. What is the date tomorrow in MM/DD/YYYY?","  “The final answer is 11/22/2001, With a Confidence Level of 95%.”

Explanation:
Step 1: Given that today is the US Thanksgiving of 2001, which is on the fourth Thursday of November.
Step 2: Identify the date of the next day: To find out the date of the next day, we need to determine which date follows November 22nd, 2001.
Step 3: Increment the date by one day: If today is November 22nd, then tomorrow would be November 23rd, 2001.

Therefore, the final answer is 11/23/2001, with a confidence level of 95%.",11,11/23/2002,0.95,False
299,"In the US, Thanksgiving is on the fourth Thursday of November. Today is the US Thanksgiving of 2001. What is the date yesterday in MM/DD/YYYY?","  ""Explanation:

Step 1: Determine the date of Thanksgiving in 2001
Thanksgiving in the US is on the fourth Thursday of November. Therefore, if today is the US Thanksgiving of 2001, yesterday must have been the third Thursday of November.

Step 2: Calculate the date of the third Thursday of November in 2001
The third Thursday of November in 2001 was November 15, 2001.

Final Answer: '11/15/2001', With a Confidence Level of 95%

Please note that the confidence level is an estimate based on the given information and may not be exact.""",11/15/2001,11/21/2002,0.95,False
303,"In the US, Thanksgiving is on the fourth Thursday of November. Today is the US Thanksgiving of 2001. What is the date one week ago from today in MM/DD/YYYY?","  ""Explanation:

To determine the date one week ago from today on US Thanksgiving of 2001, we need to first identify the date of Thanksgiving in 2001. Since Thanksgiving is on the fourth Thursday of November, we can calculate the date by subtracting 4 Thursdays from the date of Thanksgiving.

Given that today is Thanksgiving of 2001, we can calculate the date one week ago as follows:

Thanksgiving of 2001: 11/22/2001

Subtracting 4 Thursdays: 11/15/2001

Therefore, the final answer is '11/15/2001', with a confidence level of 98%

Final Answer: '11/15/2001', With a Confidence Level of 98%.""",11/15/2001,11/15/2002,0.98,False
305,"In the US, Thanksgiving is on the fourth Thursday of November. Today is the US Thanksgiving of 2001. What is the date 24 hours later in MM/DD/YYYY?","  ""Explanation:

Step 1: Identify the current date - Thanksgiving 2001 falls on the fourth Thursday of November, which means the current date is November 22nd, 2001.

Step 2: Determine the date 24 hours later - Since Thanksgiving is on a Thursday, 24 hours after Thanksgiving would be Saturday, November 24th, 2001.

Final Answer: November 24, 2001, With a Confidence Level of 100%

“The final answer is November 24, 2001, With a Confidence Level of 100%.”",24,11/23/2002,1.0,False
308,"Today's meeting is rescheduled to 11 am tomorrow, 10/16/1924. What is the date yesterday in MM/DD/YYYY?","  ""The final answer is 10/15/1924, With a Confidence Level of 95%.""

Explanation:

Step 1: Given that today's meeting is rescheduled to 11 am tomorrow, we know that today is prior to the meeting date.

Step 2: Identify the current date: To find out the current date, we need to determine what date follows 10/15/1924.

Step 3: Increment the date by one day: If today's meeting is rescheduled to 11 am tomorrow, then today would be 10/16/1924.

Therefore, the final answer is 10/15/1924, with a confidence level of 95%.",10,10/14/1924,0.95,False
312,"Today's meeting is rescheduled to 11 am tomorrow, 10/16/1924. What is the date one week ago from today in MM/DD/YYYY?","  ""The final answer is '10/09/1924', With a confidence level of 90%.""

Explanation:
Step 1: Given that today's meeting is rescheduled to 11 am tomorrow, we know that today is 10/16/1924.
Step 2: To find the date one week ago from today, we need to determine how many days have passed since yesterday.
Step 3: We can count the days by subtracting the current date from the original date. Since today is 10/16/1924, and one week ago today would be 10/09/1924.

Therefore, the final answer is '10/09/1924', with a confidence level of 90%.",10/09/1924,10/08/1924,0.9,False
313,"Today's meeting is rescheduled to 11 am tomorrow, 10/16/1924. What is the date one week from today in MM/DD/YYYY?","  ""The final answer is '10/23/1924', With a Confidence Level of 95%.""

Explanation:

Step 1: Given that today's meeting is rescheduled to 11 am tomorrow, 10/16/1924.

Step 2: Identify the current date: To find out the current date one week from 10/16/1924, we need to determine what date follows 10 days after 10/16/1924.

Step 3: Increment the date by 10 days: If today's meeting is rescheduled to 11 am tomorrow, then one week from today would be 17 days after 10/16/1924, which is 10/23/1924.

Therefore, the final answer is '10/23/1924', with a confidence level of 95%.",10/23/1924,10/22/1924,0.95,False
314,"Today's meeting is rescheduled to 11 am tomorrow, 10/16/1924. What is the date 24 hours later in MM/DD/YYYY?","  ""The final answer is 10/17/1924, With a Confidence Level of 95%.""

Explanation:

Step 1: Given that today's meeting is rescheduled to 11 am tomorrow, we know that today is October 16, 1924.

Step 2: Identify the current date 24 hours later: To find out the current date 24 hours later, we need to add 24 hours to October 16, 1924.

Step 3: Evaluate each choice:

'10/17/1924': This is the correct answer. If today's meeting is rescheduled to 11 am tomorrow, then tomorrow would be 10/17/1924.

'10/18/1924': This is incorrect as tomorrow would be 10/18/1924, not today.

'10/19/1924': This is incorrect as tomorrow would be 10/19/1924, not today.

'10/20/1924': This is incorrect as tomorrow would be 10/20/1924, not today.

'10/21/1924': This is incorrect as tomorrow would be 10/21/1924, not today.

Therefore, the final answer is '10/17/1924', With a Confidence Level of 95%.",10/17/1924,10/16/1924,0.95,False
318,Jane is celebrating the last day of Jan 2012. What is the date 10 days ago in MM/DD/YYYY?,"  “The final answer is 01/03/2012, With a Confidence Level of 95%

Explanation:
Step 1: Given that Jane is celebrating the last day of January 2012, we know that yesterday was January 31, 2012.
Step 2: Identify the date 10 days ago: To find the date 10 days ago, we need to count backwards 10 days from January 31, 2012.
Step 3: Determine the date: 10 days ago, the date was January 21, 2012.
Therefore, the final answer is 01/03/2012.
”",01,01/21/2012,0.95,False
324,"It was Sept. 1st, 2021 a week ago. What is the date today in MM/DD/YYYY?","  “The final answer is 09/02/2021, With a Confidence Level of 95%”

Explanation:
Step 1: Given that it was Sept. 1st, 2021 a week ago, today's date would be one week later.
Step 2: Identify the current date: To find out the current date, we need to determine what date follows Sept. 1st, 2021.
Step 3: Increment the date by one week: If Sept. 1st was a week ago, then today would be Sept. 8th, 2021.

Therefore, the final answer is 09/02/2021, with a confidence level of 95%.",09,09/08/2021,0.95,False
325,"It was Sept. 1st, 2021 a week ago. What is the date tomorrow in MM/DD/YYYY?","  “The final answer is 09/02/2021, With a Confidence Level of 95%”",09,09/09/2021,0.95,False
328,"It was Sept. 1st, 2021 a week ago. What is the date a month ago in MM/DD/YYYY?","  ""Explanation:

Step 1: Given that it was Sept. 1st, 2021 a week ago, today is Aug. 30th, 2021.

Step 2: Identify the date a month ago: To find the date a month ago, we need to determine what date precedes Aug. 30th, 2021.

Step 3: Increment the date by one month: If today is Aug. 30th, then a month ago would be July 30th, 2021.

Final Answer: '07/30/2021', With a Confidence Level of 95%

Note: The calculation is based on the assumption that the given date is accurate and that there are no errors in the calculation. The confidence level is based on the accuracy of the calculation and the certainty of the conclusion.",07/30/2021,08/08/2021,0.95,False
333,"Jane and John married on Jan 2, 1958. It is their 5-year anniversary today. What is the date today in MM/DD/YYYY?","  “‘Explanation:
To determine the current date, we need to find out how many years have passed since Jane and John got married. Since their marriage date is Jan 2, 1958, and today is their 5-year anniversary, the number of years that have passed is 5.

Next, we need to convert the number of years to the current date. To do this, we can use the following formula:

Current Date = Marriage Date + Number of Years

Plugging in the values, we get:

Current Date = Jan 2, 1958 + 5 = Jan 2, 1963

Therefore, the final answer is '01/02/1963', with a confidence level of 99% (the highest confidence level possible).
”’",01/02/1963,01/02/1961,0.99,False
335,"Jane and John married on Jan 2, 1958. It is their 5-year anniversary today. What is the date yesterday in MM/DD/YYYY?","  “Explanation:

Step 1: Given that Jane and John married on Jan 2, 1958, and today is their 5-year anniversary.
Step 2: To find out the date yesterday, we need to determine what date follows their marriage date.
Step 3: Since their marriage date is Jan 2, 1958, yesterday would be Jan 1, 1958.
Final Answer: '01/01/1958', With a Confidence Level of 100%
”",01/01/1958,01/01/1961,1.0,False
337,"Jane and John married on Jan 2, 1958. It is their 5-year anniversary today. What is the date a month ago in MM/DD/YYYY?","  “The final answer is 12/01/1961, With a Confidence Level of 95%

Explanation:
Step 1: Given that Jane and John married on January 2, 1958.
Step 2: Identify the current date: To find out the current date, we need to determine what date precedes the 5-year anniversary date.
Step 3: Calculate the date a month ago: If today is the 5-year anniversary of their marriage, then a month ago would have been on December 1st, 1960.

Therefore, the final answer is 12/01/1961, with a confidence level of 95%.",12,12/02/1960,0.95,False
339,"Jane and John married on Jan 2, 1958. It is their 5-year anniversary today. What is the date one week ago from today in MM/DD/YYYY?","  ""Explanation: To determine the date one week ago from today, we need to subtract one week from the current date. Today's date is {today's date in MM/DD/YYYY}. Therefore, one week ago from today would be {one week ago date in MM/DD/YYYY}.

Final Answer: '04/26/2021', With a Confidence Level of 90%

Explanation: By subtracting one week from today's date, we get the date one week ago. Since Jane and John's anniversary is on the 5-year mark, and today is one week before that date, we can confidently answer that the date one week ago was '04/26/2021'.",04/26/2021,12/26/1960,0.9,False
340,"Jane and John married on Jan 2, 1958. It is their 5-year anniversary today. What is the date one week from today in MM/DD/YYYY?","  “The final answer is 01/09/1963, With a Confidence Level of 95%

Explanation:
Step 1: Given that Jane and John married on January 2, 1958, and today is their 5-year anniversary.
Step 2: To find out the date one week from today, we need to determine what date follows today.
Step 3: One week after today is Saturday, so the date one week from today is 01/09/1963.

Note: The date one week from today is calculated by adding 7 days to the current date, which is Saturday. Therefore, the final answer is 01/09/1963. With a confidence level of 95%.
”",01,01/09/1961,0.95,False
343,"On May 9th, 2017 Jane bought 40 eggs. She ate one per day. Today she ran out of eggs. What is the date tomorrow in MM/DD/YYYY?","  ""Explanation:
Step 1: Given that Jane bought 40 eggs on May 9th, 2017.
Step 2: Identify the number of days passed since the eggs were bought: 40 days.
Step 3: Determine the number of eggs consumed per day: 1 egg per day.
Step 4: Calculate the number of eggs remaining: 40 - (40 x 1/40) = 40 - 1 = 39 eggs remaining.
Step 5: Identify the current date: Today, Jane ran out of eggs, so the current date is the day after the last day she had eggs.
Step 6: Determine the date tomorrow in MM/DD/YYYY: The date tomorrow is the next day after the current date, which is May 10th, 2017.
Final Answer: '05/10/2017', With a Confidence Level of 95%
""",05/10/2017,06/19/2017,0.95,False
344,"On May 9th, 2017 Jane bought 40 eggs. She ate one per day. Today she ran out of eggs. What is the date yesterday in MM/DD/YYYY?","  ""Explanation:

Step 1: Given that Jane ran out of eggs today, and she ate one egg per day, we can infer that she started eating eggs on May 9th, 2017.

Step 2: Since Jane ate one egg per day, and today is the date when she ran out of eggs, we can determine that she ate eggs for a total of 9 days.

Step 3: Therefore, the date yesterday in MM/DD/YYYY is '04/09/2017', with a confidence level of 95%

Final Answer: '04/09/2017', With a Confidence Level of 95%.""",04/09/2017,06/17/2017,0.95,False
345,"On May 9th, 2017 Jane bought 40 eggs. She ate one per day. Today she ran out of eggs. What is the date 10 days ago in MM/DD/YYYY?","  ""Explanation:

Step 1: Identify the date 10 days ago from May 9th, 2017.

Step 2: Calculate the number of days between the current date and the date 10 days ago.

Step 3: Determine the date 10 days ago based on the number of days calculated in step 2.

Final Answer: '04/29/2017', With a Confidence Level of 95%

Explanation:
On May 9th, 2017, Jane bought 40 eggs. If she ate one egg per day, she would have consumed all the eggs on May 19th, 2017. Therefore, 10 days ago, Jane would have had 40 eggs remaining. Since today is May 29th, 2017, 10 days ago, Jane would have had her last egg on May 20th, 2017, which is '04/29/2017'.

Please note that this answer is based on the assumption that Jane ate one egg per day. If she ate more or less eggs than that, the answer would be different.""",04/29/2017,06/08/2017,0.95,False
346,"On May 9th, 2017 Jane bought 40 eggs. She ate one per day. Today she ran out of eggs. What is the date a month ago in MM/DD/YYYY?","  “The final answer is 04/09/2021, With a Confidence Level of 95%

Explanation:
Step 1: Given that Jane ran out of eggs today, we know that today's date is after the date she bought the eggs.
Step 2: Identify the date she bought the eggs: Since Jane bought 40 eggs on May 9th, 2017, today's date is at least one month after that date.
Step 3: Increment the date by one month: Today's date is at least 04/09/2021.

Therefore, the final answer is 04/09/2021, with a confidence level of 95%.",04,05/18/2017,0.95,False
348,"On May 9th, 2017 Jane bought 40 eggs. She ate one per day. Today she ran out of eggs. What is the date one week ago from today in MM/DD/YYYY?","  ""Explanation:

Step 1: Identify the current date
Current date: Today is May 16th, 2017

Step 2: Determine the number of days since Jane bought the eggs
Number of days = Today - May 9th, 2017 = 7 days

Step 3: Calculate the number of eggs Jane had left
Number of eggs left = 40 eggs - 1 egg per day = 39 eggs

Final Answer: May 9th, 2017, With a Confidence Level of 95%
'The final answer is May 09/2017, With a Confidence Level of 95%.'

Note: I have used the assumption that Jane ate one egg per day, and the current date is May 16th, 2017.",09,06/11/2017,0.95,False
349,"On May 9th, 2017 Jane bought 40 eggs. She ate one per day. Today she ran out of eggs. What is the date one week from today in MM/DD/YYYY?","  “The final answer is 05/16/2017, With a Confidence Level of 95%

Explanation:
Step 1: Given that Jane bought 40 eggs on May 9th, 2017.
Step 2: Identify the number of days passed since Jane bought the eggs: 1 week = 7 days
Step 3: Determine the number of eggs consumed per day: 1 egg/day
Step 4: Calculate the number of eggs left: 40 eggs - (7 days x 1 egg/day) = 40 eggs - 49 eggs = 0 eggs
Step 5: Identify the current date: Today is 7 days after May 9th, 2017, so the current date is May 16th, 2017.

Therefore, the final answer is 05/16/2017, with a confidence level of 95%.",05,06/25/2017,0.95,False
350,"On May 9th, 2017 Jane bought 40 eggs. She ate one per day. Today she ran out of eggs. What is the date 24 hours later in MM/DD/YYYY?","  “‘Explanation:

Step 1: Given that Jane bought 40 eggs on May 9th, 2017.
Step 2: Identify the number of eggs consumed per day: Since Jane ate one egg per day, she consumed 40/1 = 40 eggs in total.
Step 3: Determine the number of days since the eggs were bought: Since Jane ran out of eggs 24 hours later, the number of days since the eggs were bought is 24 + 1 = 25 days.

Final Answer: 05/19/2017, With a Confidence Level of 95%

The final answer is May 19th, 2017, with a confidence level of 95%.”",19,06/19/2017,0.95,False
352,Today is the last day of the first quarter of 2008. What is the date tomorrow in MM/DD/YYYY?,"  ""Explanation:

Step 1: Given that today is the last day of the first quarter of 2008, we know that the current date is March 31, 2008.

Step 2: To find out the date tomorrow, we need to increment the date by one day.

Final Answer: March 31, 2008, With a Confidence Level of 95%

Therefore, the final answer is '03/31/2008', with a confidence level of 95%.
""",03/31/2008,04/01/2008,0.95,False
353,Today is the last day of the first quarter of 2008. What is the date yesterday in MM/DD/YYYY?,"  “The final answer is 03/31/2008, With a Confidence Level of 95%

Explanation:
Step 1: Given that today is the last day of the first quarter of 2008, we know that yesterday was March 31st.
Step 2: Identify the current date: To find out the current date, we need to determine what date follows March 31st, 2008.
Step 3: Increment the date by one day: If today is the last day of the first quarter of 2008, then yesterday would have been March 30th, 2008.

Therefore, the final answer is March 31st, 2008, with a confidence level of 95%.",03,03/30/2008,0.95,False
359,Today is the last day of the first quarter of 2008. What is the date 24 hours later in MM/DD/YYYY?,"  ""Explanation:

Step 1: Given that today is the last day of the first quarter of 2008, we know that today is March 31, 2008.

Step 2: Identify the date 24 hours later: To find the date 24 hours later, we need to increment the date by 24 hours.

Step 3: The final answer is '04/01/2008', with a confidence level of 95%

Final Answer: '04/01/2008', With a Confidence Level of 95%.""",04/01/2008,04/01/2008,0.95,True
362,"The first day of 2019 is a Tuesday, and today is the first Monday of 2019. What is the date yesterday in MM/DD/YYYY?","  ""Explanation:

Step 1: Given that the first day of 2019 is a Tuesday, and today is the first Monday of 2019, we can deduce that yesterday was the last day of 2018.

Step 2: Identify the current date: To find out the current date, we need to determine what date follows the last day of 2018.

Step 3: Increment the date by one day: If the last day of 2018 was December 31, 2018, then today would be January 1, 2019.

Final Answer: '12/31/2018', With a Confidence Level of 95%

Note: The confidence level is based on the accuracy of the deductions made in the solution.""",12/31/2018,01/06/2019,0.95,False
365,"The first day of 2019 is a Tuesday, and today is the first Monday of 2019. What is the date one year ago from today in MM/DD/YYYY?","  ""Explanation:

Step 1: Given that today is the first Monday of 2019, and the first day of 2019 was a Tuesday.
Step 2: Identify the date one year ago from today: To find the date one year ago from today, we need to determine what date follows the first Monday of 2019.
Step 3: Increment the date by one year: If today is the first Monday of 2019, then one year ago would be the first Monday of 2018.
Final Answer: '01/07/2018', With a Confidence Level of 95%

Note: The first day of the year is January 1st, so the date one year ago from today would be the last day of the previous year, which is December 31st of the previous year.""",01/07/2018,01/07/2018,0.95,True
366,"The first day of 2019 is a Tuesday, and today is the first Monday of 2019. What is the date one week ago from today in MM/DD/YYYY?","  ""Explanation:

Step 1: Given that the first day of 2019 is a Tuesday, and today is the first Monday of 2019, we can deduce that the date one week ago from today must be the last Tuesday of 2018.

Step 2: Identify the current date: Today is the first Monday of 2019, so the current date is January 7, 2019.

Step 3: Increment the date by one week: To find the date one week ago from today, we need to subtract one week from the current date.

Final Answer: '01/03/2019', With a Confidence Level of 98%

Note: This calculation assumes that the first day of the year is January 1st, which is a common convention used in date calculations.""",01/03/2019,12/31/2018,0.98,False
